Image,Rating
waters37.jpg,1
waters361.jpg,1
waters31.jpg,1
waters180.jpg,1
waters343.jpg,1
waters530.jpg,1
waters443.jpg,1
waters458.jpg,1
waters607.jpg,1
waters785.jpg,1
waters844.jpg,1
wates329.jpg,1
waters716.jpg,1
waters820.jpg,1
waters621.jpg,2
forest151.jpg,2
forest121.jpg,2
forest275.jpg,2
forest255.jpg,2
forest118.jpg,2
forest64.jpg,2
forest40.jpg,2
meadows130.jpg,2
meadows235.jpg,2
meadows161.jpg,2
meadows337.jpg,2
meadows95.jpg,2
meadows376.jpg,2
waters278.jpg,2
waters34.jpg,2
waters18.jpg,2
waters328.jpg,2
waters653.jpg,2
waters556.jpg,2
waters54.jpg,2
waters584.jpg,2
waters482.jpg,2
waters811.jpg,2
waters838.jpg,2
waters815.jpg,2
waters723.jpg,2
waters850.jpg,2
forest13.jpg,2
forest351.jpg,3
forest226.jpg,3
forest321.jpg,3
waters1.jpg,3
meadows8.jpg,3
waters130.jpg,3
meadows39.jpg,3
waters226.jpg,3
waters544.jpg,3
waters791.jpg,3
forest252.jpg,3
forest227.jpg,3
forest339.jpg,3
forest229.jpg,3
forest184.jpg,3
forest274.jpg,3
forest165.jpg,3
forest29.jpg,3
forest322.jpg,3
forest439.jpg,3
forest455.jpg,3
forest391.jpg,3
forest395.jpg,3
forest418.jpg,3
forest373.jpg,3
forest53.jpg,3
forest493.jpg,3
forest78.jpg,3
meadows193.jpg,3
meadows135.jpg,3
meadows160.jpg,3
meadows226.jpg,3
meadows293.jpg,3
forest85.jpg,3
forest97.jpg,3
meadows254.jpg,3
waters137.jpg,3
meadows81.jpg,3
meadows364.jpg,3
meadows66.jpg,3
meadows47.jpg,3
meadows419.jpg,3
waters105.jpg,3
meadows73.jpg,3
waters12.jpg,3
meadows372.jpg,3
waters120.jpg,3
waters28.jpg,3
waters297.jpg,3
waters395.jpg,3
waters292.jpg,3
waters389.jpg,3
waters305.jpg,3
waters224.jpg,3
waters325.jpg,3
waters162.jpg,3
waters353.jpg,3
waters260.jpg,3
waters185.jpg,3
waters383.jpg,3
waters377.jpg,3
waters524.jpg,3
waters511.jpg,3
waters472.jpg,3
waters477.jpg,3
waters602.jpg,3
waters651.jpg,3
waters725.jpg,3
waters747.jpg,3
waters691.jpg,3
waters819.jpg,3
waters767.jpg,3
waters893.jpg,3
waters78.jpg,3
forest2.jpg,3
forest469.jpg,3
forest262.jpg,4
forest132.jpg,4
forest28.jpg,4
forest187.jpg,4
forest294.jpg,4
forest332.jpg,4
forest34.jpg,4
forest497.jpg,4
forest578.jpg,4
meadows215.jpg,4
meadows199.jpg,4
meadows232.jpg,4
meadows330.jpg,4
meadows301.jpg,4
meadows483.jpg,4
meadows361.jpg,4
meadows498.jpg,4
meadows466.jpg,4
waters136.jpg,4
meadows434.jpg,4
meadows97.jpg,4
meadows362.jpg,4
waters211.jpg,4
waters22.jpg,4
waters261.jpg,4
waters384.jpg,4
waters657.jpg,4
waters549.jpg,4
waters452.jpg,4
waters539.jpg,4
waters42.jpg,4
waters685.jpg,4
waters810.jpg,4
waters72.jpg,4
meadows322.jpg,4
forest197.jpg,4
forest328.jpg,4
forest19.jpg,4
meadows220.jpg,4
meadows190.jpg,4
meadows23.jpg,4
meadows285.jpg,4
meadows94.jpg,4
meadows347.jpg,4
meadows459.jpg,4
waters391.jpg,4
waters382.jpg,4
waters204.jpg,4
waters263.jpg,4
waters183.jpg,4
waters311.jpg,4
waters79.jpg,4
forest308.jpg,4
waters239.jpg,4
waters345.jpg,4
waters44.jpg,4
forest299.jpg,4
forest319.jpg,4
forest352.jpg,4
forest113.jpg,4
forest353.jpg,4
forest330.jpg,4
forest149.jpg,4
forest178.jpg,4
forest223.jpg,4
forest347.jpg,4
forest317.jpg,4
forest350.jpg,4
forest300.jpg,4
forest140.jpg,4
forest485.jpg,4
forest543.jpg,4
forest388.jpg,4
forest66.jpg,4
forest569.jpg,4
forest441.jpg,4
forest468.jpg,4
forest504.jpg,4
forest408.jpg,4
forest581.jpg,4
forest599.jpg,4
forest585.jpg,4
meadows207.jpg,4
meadows209.jpg,4
meadows179.jpg,4
meadows319.jpg,4
meadows183.jpg,4
meadows114.jpg,4
meadows191.jpg,4
meadows122.jpg,4
meadows231.jpg,4
meadows156.jpg,4
meadows247.jpg,4
meadows120.jpg,4
meadows266.jpg,4
meadows105.jpg,4
meadows275.jpg,4
meadows14.jpg,4
meadows276.jpg,4
meadows480.jpg,4
waters138.jpg,4
meadows65.jpg,4
meadows462.jpg,4
meadows80.jpg,4
meadows491.jpg,4
meadows82.jpg,4
waters13.jpg,4
meadows91.jpg,4
meadows52.jpg,4
meadws118.jpg,4
meadows4745.jpg,4
meadows386.jpg,4
waters310.jpg,4
waters338.jpg,4
waters2.jpg,4
waters148.jpg,4
waters228.jpg,4
waters394.jpg,4
waters316.jpg,4
waters330.jpg,4
waters318.jpg,4
waters356.jpg,4
waters242.jpg,4
waters235.jpg,4
waters146.jpg,4
waters523.jpg,4
waters414.jpg,4
waters48.jpg,4
waters61.jpg,4
waters510.jpg,4
waters459.jpg,4
waters612.jpg,4
waters479.jpg,4
waters407.jpg,4
waters466.jpg,4
waters568.jpg,4
waters567.jpg,4
waters827.jpg,4
waters742.jpg,4
waters71.jpg,4
waters822.jpg,4
wates754.jpg,4
waters67.jpg,4
waters99.jpg,4
waters881.jpg,4
waters522.jpg,4
forest576.jpg,4
forest7.jpg,4
waters393.jpg,4
waters766.jpg,4
waters86.jpg,4
forest235.jpg,4
forest239.jpg,4
forest130.jpg,4
forest335.jpg,4
forest106.jpg,4
forest302.jpg,4
forest539.jpg,4
forest424.jpg,4
forest487.jpg,4
forest72.jpg,4
forest514.jpg,4
meadows54.jpg,4
meadows355.jpg,4
meadows493.jpg,4
meadows34.jpg,4
waters133.jpg,4
meadows35.jpg,4
waters275.jpg,4
waters440.jpg,4
waters862.jpg,4
waters700.jpg,4
waters890.jpg,4
forest61.jpg,4
forest59.jpg,4
meadows353.jpg,4
meadows340.jpg,4
meadows50.jpg,4
forest17.jpg,5
forest292.jpg,5
forest158.jpg,5
forest21.jpg,5
forest24.jpg,5
forest238.jpg,5
forest246.jpg,5
forest356.jpg,5
forest301.jpg,5
forest135.jpg,5
forest357.jpg,5
forest166.jpg,5
forest192.jpg,5
forest312.jpg,5
forest536.jpg,5
forest591.jpg,5
forest400.jpg,5
forest560.jpg,5
forest68.jpg,5
forest527.jpg,5
forest56.jpg,5
meadows1.jpg,5
meadows188.jpg,5
meadows60.jpg,5
meadows487.jpg,5
meadows344.jpg,5
meadows468.jpg,5
waters103.jpg,5
waters118.jpg,5
waters200.jpg,5
waters388.jpg,5
waters233.jpg,5
waters298.jpg,5
waters236.jpg,5
waters225.jpg,5
waters595.jpg,5
waters596.jpg,5
waters589.jpg,5
waters880.jpg,5
waters737.jpg,5
waters892.jpg,5
waters770.jpg,5
waters895.jpg,5
forest289.jpg,5
meadows37.jpg,5
forest287.jpg,5
forest268.jpg,5
forest342.jpg,5
forest204.jpg,5
forest253.jpg,5
forest144.jpg,5
forest171.jpg,5
forest155.jpg,5
forest76.jpg,5
forest366.jpg,5
forest423.jpg,5
forest387.jpg,5
meadows214.jpg,5
meadows253.jpg,5
meadows258.jpg,5
meadows320.jpg,5
meadows299.jpg,5
meadows25.jpg,5
meadows77.jpg,5
meadows43.jpg,5
waters112.jpg,5
meadows369.jpg,5
waters252.jpg,5
waters533.jpg,5
waters84.jpg,5
waters885.jpg,5
waters769.jpg,5
waters674.jpg,5
forest259.jpg,5
forest326.jpg,5
forest393.jpg,5
meadows292.jpg,5
meadows110.jpg,5
meadows342.jpg,5
meadows463.jpg,5
meadows407.jpg,5
waters322.jpg,5
waters43.jpg,5
waters62.jpg,5
waters412.jpg,5
forest257.jpg,5
forest383.jpg,5
waters172.jpg,5
waters16.jpg,5
waters455.jpg,5
forest183.jpg,5
forest228.jpg,5
forest107.jpg,5
forest278.jpg,5
forest273.jpg,5
forest115.jpg,5
forest18.jpg,5
forest281.jpg,5
forest182.jpg,5
forest146.jpg,5
forest201.jpg,5
forest296.jpg,5
forest22.jpg,5
forest341.jpg,5
forest1.jpg,5
forest340.jpg,5
forest260.jpg,5
forest180.jpg,5
forest3.jpg,5
forest209.jpg,5
forest309.jpg,5
forest195.jpg,5
forest157.jpg,5
forest329.jpg,5
forest496.jpg,5
forest403.jpg,5
forest367.jpg,5
forest44.jpg,5
forest65.jpg,5
forest429.jpg,5
forest444.jpg,5
forest555.jpg,5
forest48.jpg,5
forest567.jpg,5
forest520.jpg,5
forest379.jpg,5
forest442.jpg,5
forest368.jpg,5
forest573.jpg,5
forest360.jpg,5
forest417.jpg,5
forest359.jpg,5
forest583.jpg,5
meadows334.jpg,5
meadows141.jpg,5
meadows250.jpg,5
meadows177.jpg,5
meadows251.jpg,5
meadows112.jpg,5
meadows142.jpg,5
meadows129.jpg,5
meadows13.jpg,5
meadows327.jpg,5
meadows152.jpg,5
forest86.jpg,5
meadows268.jpg,5
meadows208.jpg,5
meadows270.jpg,5
meadows221.jpg,5
meadows117.jpg,5
meadows242.jpg,5
meadows284.jpg,5
meadows172.jpg,5
meadows288.jpg,5
meadows184.jpg,5
meadows290.jpg,5
meadows197.jpg,5
meadows159.jpg,5
meadows132.jpg,5
meadows294.jpg,5
meadows11.jpg,5
forest82.jpg,5
meadows331.jpg,5
meadows306.jpg,5
meadows138.jpg,5
meadows31.jpg,5
meadows104.jpg,5
meadows163.jpg,5
meadows318.jpg,5
meadows444.jpg,5
meadows87.jpg,5
meadows358.jpg,5
meadows495.jpg,5
meadows42.jpg,5
meadows354.jpg,5
meadows399.jpg,5
meadows424.jpg,5
meadows48.jpg,5
meadows350.jpg,5
"meadows53,jpg",5
meadows481.jpg,5
meadows346.jpg,5
meadows75.jpg,5
meadows76.jpg,5
meadows394.jpg,5
waters100.jpg,5
meadows79.jpg,5
meadows460.jpg,5
meadows7.jpg,5
waters109.jpg,5
meadows472.jpg,5
meadows478.jpg,5
meadows78.jpg,5
meadows391.jpg,5
waters277.jpg,5
waters155.jpg,5
waters287.jpg,5
waters173.jpg,5
waters188.jpg,5
waters179.jpg,5
waters19.jpg,5
waters181.jpg,5
waters323.jpg,5
waters27.jpg,5
waters15.jpg,5
waters251.jpg,5
waters332.jpg,5
waters264.jpg,5
waters354.jpg,5
waters253.jpg,5
waters358.jpg,5
waters4.jpg,5
waters169.jpg,5
waters52.jpg,5
waters546.jpg,5
waters419.jpg,5
waters408.jpg,5
waters545.jpg,5
waters486.jpg,5
waters57.jpg,5
waters656.jpg,5
waters572.jpg,5
waters526.jpg,5
waters588.jpg,5
waters490.jpg,5
waters476.jpg,5
waters642.jpg,5
waters610.jpg,5
waters402.jpg,5
waters450.jpg,5
waters46.jpg,5
waters628.jpg,5
waters5.jpg,5
waters630.jpg,5
wates484.jpg,5
waters669.jpg,5
waters848.jpg,5
wates134.jpg,5
waters93.jpg,5
waters75.jpg,5
waters780.jpg,5
waters821.jpg,5
waters670.jpg,5
waters724.jpg,5
waters858.jpg,5
waters90.jpg,5
waters877.jpg,5
waters829.jpg,5
waters74.jpg,5
waters689.jpg,5
waters896.jpg,5
meadows2.jpg,5
forest272.jpg,5
forest571.jpg,5
meadows46.jpg,5
waters199.jpg,5
waters495.jpg,5
forest541.jpg,5
forest474.jpg,5
forest507.jpg,5
forest42.jpg,5
forest584.jpg,5
forest84.jpg,5
meadows131.jpg,5
meadows21.jpg,5
meadows335.jpg,5
waters127.jpg,5
meadows62.jpg,5
meadows359.jpg,5
waters168.jpg,5
forest298.jpg,5
forest331.jpg,5
forest163.jpg,5
forest303.jpg,5
forest414.jpg,5
forest426.jpg,5
forest412.jpg,5
meadows147.jpg,5
meadows245.jpg,5
meadows296.jpg,5
meadows224.jpg,5
meadows302.jpg,5
meadows170.jpg,5
meadows203.jpg,5
meadows219.jpg,5
meadows155.jpg,5
meadows303.jpg,5
meadows239.jpg,5
meadows243.jpg,5
waters14.jpg,5
meadows406.jpg,5
meadows415.jpg,5
waters174.jpg,5
waters36.jpg,5
waters360.jpg,5
waters178.jpg,5
waters362.jpg,5
waters438.jpg,5
waters541.jpg,5
waters710.jpg,5
waters781.jpg,5
waters87.jpg,5
waters882.jpg,5
forest124.jpg,5
forest374.jpg,5
forest563.jpg,5
forest36.jpg,5
forest5.jpg,5
meadows329.jpg,5
meadows33.jpg,5
meadows4.jpg,5
meadows477.jpg,5
waters352.jpg,5
waters376.jpg,5
waters335.jpg,5
waters528.jpg,5
waters17.jpg,5
waters809.jpg,5
forest349.jpg,6
forest134.jpg,6
forest117.jpg,6
forest306.jpg,6
forest344.jpg,6
forest343.jpg,6
forest311.jpg,6
forest283.jpg,6
forest110.jpg,6
forest291.jpg,6
forest324.jpg,6
forest251.jpg,6
forest258.jpg,6
forest284.jpg,6
forest267.jpg,6
forest261.jpg,6
forest109.jpg,6
forest336.jpg,6
forest295.jpg,6
forest161.jpg,6
forest74.jpg,6
forest52.jpg,6
forest361.jpg,6
forest590.jpg,6
forest577.jpg,6
forest492.jpg,6
forest409.jpg,6
forest371.jpg,6
forest456.jpg,6
forest437.jpg,6
forest99.jpg,6
meadows206.jpg,6
meadows230.jpg,6
meadows111.jpg,6
forest92.jpg,6
meadows19.jpg,6
meadows238.jpg,6
meadows143.jpg,6
meadows237.jpg,6
meadows316.jpg,6
meadows26.jpg,6
meadows140.jpg,6
meadows496.jpg,6
waters107.jpg,6
meadows420.jpg,6
meadows67.jpg,6
meadows363.jpg,6
waters111.jpg,6
meadows461.jpg,6
meadows395.jpg,6
meadows411.jpg,6
waters320.jpg,6
waters308.jpg,6
waters400.jpg,6
waters193.jpg,6
waters294.jpg,6
waters207.jpg,6
waters291.jpg,6
waters265.jpg,6
waters483.jpg,6
waters609.jpg,6
waters465.jpg,6
waters557.jpg,6
waters517.jpg,6
waters537.jpg,6
waters496.jpg,6
waters468.jpg,6
waters493.jpg,6
waters467.jpg,6
waters488.jpg,6
waters58.jpg,6
waters641.jpg,6
waters764.jpg,6
waters672.jpg,6
waters891.jpg,6
waters887.jpg,6
waters95.jpg,6
forest104.jpg,6
forest77.jpg,6
forest378.jpg,6
meadows271.jpg,6
meadows61.jpg,6
waters324.jpg,6
waters447.jpg,6
waters837.jpg,6
forest279.jpg,6
forest250.jpg,6
forest271.jpg,6
forest139.jpg,6
forest240.jpg,6
forest314.jpg,6
forest538.jpg,6
forest589.jpg,6
forest475.jpg,6
forest478.jpg,6
forest376.jpg,6
forest550.jpg,6
forest399.jpg,6
forest382.jpg,6
forest364.jpg,6
forest425.jpg,6
meadows187.jpg,6
meadows236.jpg,6
meadows222.jpg,6
meadows298.jpg,6
meadows274.jpg,6
forest87.jpg,6
meadows229.jpg,6
meadows157.jpg,6
meadows280.jpg,6
meadows89.jpg,6
meadows53.jpg,6
waters104.jpg,6
waters115.jpg,6
meadows9.jpg,6
meadows59.jpg,6
meadows64.jpg,6
waters106.jpg,6
meadows454.jpg,6
waters281.jpg,6
waters385.jpg,6
waters392.jpg,6
waters406.jpg,6
waters449.jpg,6
waters461.jpg,6
waters471.jpg,6
waters872.jpg,6
waters874.jpg,6
waters814.jpg,6
waters888.jpg,6
waters734.jpg,6
waters748.jpg,6
waters96.jpg,6
waters796.jpg,6
waters868.jpg,6
waters92.jpg,6
forest188.jpg,6
forest256.jpg,6
forest282.jpg,6
forest217.jpg,6
forest290.jpg,6
forest45.jpg,6
forest440.jpg,6
forest58.jpg,6
forest498.jpg,6
meadows106.jpg,6
meadows233.jpg,6
meadows151.jpg,6
meadows400.jpg,6
waters166.jpg,6
waters184.jpg,6
waters309.jpg,6
waters304.jpg,6
waters386.jpg,6
waters417.jpg,6
waters715.jpg,6
waters839.jpg,6
forest218.jpg,6
forest243.jpg,6
forest593.jpg,6
forest566.jpg,6
meadows171.jpg,6
meadows278.jpg,6
meadows314.jpg,6
meadows382.jpg,6
meadows450.jpg,6
meadows352.jpg,6
waters574.jpg,6
waters614.jpg,6
forest420.jpg,6
forest548.jpg,6
forest473.jpg,6
forest276.jpg,6
forest318.jpg,6
forest136.jpg,6
forest293.jpg,6
forest190.jpg,6
forest181.jpg,6
forest100.jpg,6
forest297.jpg,6
forest170.jpg,6
forest198.jpg,6
forest325.jpg,6
forest15.jpg,6
forest277.jpg,6
forest307.jpg,6
forest131.jpg,6
forest129.jpg,6
forest175.jpg,6
forest177.jpg,6
forest280.jpg,6
forest112.jpg,6
forest119.jpg,6
forest114.jpg,6
forest210.jpg,6
forest269.jpg,6
forest215.jpg,6
forest11.jpg,6
forest216.jpg,6
forest125.jpg,6
forest346.jpg,6
forest150.jpg,6
forest288.jpg,6
forest128.jpg,6
forest176.jpg,6
forest152.jpg,6
forest35.jpg,6
forest535.jpg,6
forest385.jpg,6
forest37.jpg,6
forest516.jpg,6
forest592.jpg,6
forest49.jpg,6
forest549.jpg,6
forest384.jpg,6
forest597.jpg,6
forest531.jpg,6
forest50.jpg,6
forest38.jpg,6
forest502.jpg,6
forest445.jpg,6
forest62.jpg,6
forest540.jpg,6
forest377.jpg,6
forest515.jpg,6
forest556.jpg,6
forest526.jpg,6
forest4.jpg,6
forest465.jpg,6
forest486.jpg,6
forest406.jpg,6
forest436.jpg,6
forest457.jpg,6
forest71.jpg,6
forest467.jpg,6
forest470.jpg,6
forest460.jpg,6
forest565.jpg,6
forest480.jpg,6
forest438.jpg,6
meadows218.jpg,6
meadows267.jpg,6
meadows17.jpg,6
meadows196.jpg,6
meadows333.jpg,6
meadows201.jpg,6
meadows259.jpg,6
meadows144.jpg,6
meadows20.jpg,6
meadows217.jpg,6
meadows128.jpg,6
"meadows225,jpg",6
meadows282.jpg,6
meadows109.jpg,6
meadows18.jpg,6
meadows158.jpg,6
meadows291.jpg,6
meadows195.jpg,6
meadows181.jpg,6
meadows210.jpg,6
forest81.jpg,6
meadows227.jpg,6
meadows312.jpg,6
meadows249.jpg,6
meadows313.jpg,6
meadows148.jpg,6
meadows137.jpg,6
meadows116.jpg,6
meadows192.jpg,6
meadows234.jpg,6
meadows465.jpg,6
meadows69.jpg,6
meadows500.jpg,6
meadows446.jpg,6
meadows449.jpg,6
meadows56.jpg,6
meadows452.jpg,6
"meadows449,jpg",6
meadows455.jpg,6
meadows70.jpg,6
meadows38.jpg,6
meadows71.jpg,6
meadows343.jpg,6
meadows72.jpg,6
meadows36.jpg,6
meadows412.jpg,6
meadows339.jpg,6
meadows338.jpg,6
meadows49.jpg,6
meadows84.jpg,6
meadows345.jpg,6
meadows85.jpg,6
waters135.jpg,6
meadows426.jpg,6
meadows377.jpg,6
meadows99.jpg,6
meadows467.jpg,6
meadows429.jpg,6
meadows479.jpg,6
waters102.jpg,6
meadows492.jpg,6
meadows373.jpg,6
meadows357.jpg,6
meadows432.jpg,6
meadows473.jpg,6
meadows44.jpg,6
meadows341.jpg,6
waters124.jpg,6
meadows489.jpg,6
meadows440.jpg,6
meadows379.jpg,6
meadows441.jpg,6
waters33.jpg,6
waters209.jpg,6
waters293.jpg,6
waters21.jpg,6
waters171.jpg,6
waters163.jpg,6
waters158.jpg,6
waters29.jpg,6
waters266.jpg,6
waters35.jpg,6
waters326.jpg,6
waters357.jpg,6
waters189.jpg,6
waters152.jpg,6
waters312.jpg,6
waters244.jpg,6
waters145.jpg,6
waters227.jpg,6
waters288.jpg,6
waters256.jpg,6
waters276.jpg,6
waters202.jpg,6
waters370.jpg,6
waters186.jpg,6
waters167.jpg,6
waters535.jpg,6
waters566.jpg,6
waters659.jpg,6
waters457.jpg,6
waters512.jpg,6
waters658.jpg,6
waters513.jpg,6
waters435.jpg,6
waters45.jpg,6
waters527.jpg,6
waters41.jpg,6
waters532.jpg,6
waters66.jpg,6
waters433.jpg,6
waters575.jpg,6
waters478.jpg,6
waters587.jpg,6
waters554.jpg,6
waters598.jpg,6
waters506.jpg,6
waters60.jpg,6
waters416.jpg,6
waters601.jpg,6
waters411.jpg,6
waters605.jpg,6
waters481.jpg,6
waters497.jpg,6
waters534.jpg,6
waters464.jpg,6
waters660.jpg,6
waters620.jpg,6
waters454.jpg,6
waters634.jpg,6
waters864.jpg,6
waters718.jpg,6
waters88.jpg,6
waters835.jpg,6
waters736.jpg,6
waters774.jpg,6
waters694.jpg,6
waters727.jpg,6
waters713.jpg,6
waters854.jpg,6
waters884.jpg,6
waters728.jpg,6
waters750.jpg,6
waters665.jpg,6
waters681.jpg,6
waters869.jpg,6
waters823.jpg,6
waters817.jpg,6
waters741.jpg,6
waters758.jpg,6
waters697.jpg,6
waters706.jpg,6
waters894.jpg,6
waters763.jpg,6
waters8.jpg,6
waters804.jpg,6
waters762.jpg,6
waters860.jpg,6
waters91.jpg,6
waters779.jpg,6
waters826.jpg,6
waters760.jpg,6
waters671.jpg,6
forest32.jpg,6
forest141.jpg,6
forest156.jpg,6
meadows113.jpg,6
waters319.jpg,6
waters439.jpg,6
waters851.jpg,6
waters68.jpg,6
forest270.jpg,6
forest237.jpg,6
forest488.jpg,6
forest547.jpg,6
forest522.jpg,6
forest452.jpg,6
forest506.jpg,6
forest557.jpg,6
forest582.jpg,6
forest459.jpg,6
meadows139.jpg,6
meadows315.jpg,6
meadows213.jpg,6
meadows124.jpg,6
forest9.jpg,6
meadows40.jpg,6
meadows451.jpg,6
waters314.jpg,6
waters151.jpg,6
waters307.jpg,6
waters3.jpg,6
waters53.jpg,6
waters661.jpg,6
waters759.jpg,6
waters808.jpg,6
waters802.jpg,6
waters711.jpg,6
waters699.jpg,6
forest446.jpg,6
forest6.jpg,6
forest263.jpg,6
forest313.jpg,6
forest338.jpg,6
forest206.jpg,6
forest133.jpg,6
forest458.jpg,6
forest394.jpg,6
forest375.jpg,6
forest404.jpg,6
forest570.jpg,6
forest530.jpg,6
forest461.jpg,6
forest528.jpg,6
forest596.jpg,6
forest401.jpg,6
meadows119.jpg,6
meadows178.jpg,6
meadows456.jpg,6
meadows387.jpg,6
waters11.jpg,6
waters119.jpg,6
meadows98.jpg,6
meadows371.jpg,6
meadows458.jpg,6
meadows439.jpg,6
meadows385.jpg,6
waters198.jpg,6
waters351.jpg,6
waters342.jpg,6
waters300.jpg,6
waters237.jpg,6
waters336.jpg,6
waters373.jpg,6
waters367.jpg,6
waters270.jpg,6
waters280.jpg,6
waters617.jpg,6
waters638.jpg,6
waters420.jpg,6
waters473.jpg,6
waters739.jpg,6
waters846.jpg,6
waters790.jpg,6
waters83.jpg,6
waters662.jpg,6
forest462.jpg,6
waters123.jpg,6
waters349.jpg,6
waters268.jpg,6
waters678.jpg,6
forest116.jpg,7
forest179.jpg,7
forest286.jpg,7
forest126.jpg,7
forest208.jpg,7
forest231.jpg,7
forest315.jpg,7
forest30.jpg,7
forest153.jpg,7
forest354.jpg,7
forest320.jpg,7
forest230.jpg,7
forest337.jpg,7
forest233.jpg,7
forest186.jpg,7
forest147.jpg,7
forest213.jpg,7
forest219.jpg,7
forest137.jpg,7
forest518.jpg,7
forest416.jpg,7
forest511.jpg,7
forest419.jpg,7
forest600.jpg,7
forest595.jpg,7
forest525.jpg,7
forest432.jpg,7
forest517.jpg,7
forest411.jpg,7
meadows255.jpg,7
meadows264.jpg,7
meadows127.jpg,7
meadows198.jpg,7
forest91.jpg,7
meadows136.jpg,7
meadows304.jpg,7
meadows336.jpg,7
meadows257.jpg,7
meadows108.jpg,7
meadows154.jpg,7
meadows32.jpg,7
meadows134.jpg,7
meadows149.jpg,7
meadows211.jpg,7
meadows246.jpg,7
meadows281.jpg,7
meadows448.jpg,7
meadows96.jpg,7
waters140.jpg,7
meadows428.jpg,7
meadows486.jpg,7
meadows435.jpg,7
meadows389.jpg,7
meadows437.jpg,7
meadows45.jpg,7
waters121.jpg,7
meadows447.jpg,7
meadows397.jpg,7
meadows474.jpg,7
meadows443.jpg,7
meadows349.jpg,7
meadows469.jpg,7
waters327.jpg,7
waters284.jpg,7
waters219.jpg,7
waters238.jpg,7
waters231.jpg,7
waters258.jpg,7
waters317.jpg,7
waters363.jpg,7
waters201.jpg,7
waters371.jpg,7
waters154.jpg,7
waters369.jpg,7
waters387.jpg,7
waters290.jpg,7
waters23.jpg,7
waters569.jpg,7
waters422.jpg,7
waters582.jpg,7
waters637.jpg,7
waters615.jpg,7
waters51.jpg,7
waters507.jpg,7
waters803.jpg,7
waters786.jpg,7
waters721.jpg,7
waters832.jpg,7
waters878.jpg,7
waters76.jpg,7
waters805.jpg,7
waters897.jpg,7
waters733.jpg,7
waters9.jpg,7
waters889.jpg,7
waters738.jpg,7
waters673.jpg,7
waters825.jpg,7
waters782.jpg,7
waters794.jpg,7
waters70.jpg,7
waters97.jpg,7
waters85.jpg,7
waters828.jpg,7
forest90.jpg,7
waters855.jpg,7
forest199.jpg,7
forest254.jpg,7
forest370.jpg,7
meadows164.jpg,7
meadows295.jpg,7
meadows169.jpg,7
meadows205.jpg,7
waters374.jpg,7
waters380.jpg,7
waters543.jpg,7
forest103.jpg,7
forest355.jpg,7
forest310.jpg,7
forest14.jpg,7
forest189.jpg,7
forest33.jpg,7
forest162.jpg,7
forest266.jpg,7
forest191.jpg,7
forest450.jpg,7
forest55.jpg,7
forest415.jpg,7
forest390.jpg,7
forest494.jpg,7
forest398.jpg,7
forest372.jpg,7
meadows100.jpg,7
meadows244.jpg,7
meadows176.jpg,7
meadows200.jpg,7
meadows204.jpg,7
meadows216.jpg,7
meadows24.jpg,7
meadows381.jpg,7
waters126.jpg,7
meadows422.jpg,7
meadows417.jpg,7
meadows414.jpg,7
meadows453.jpg,7
waters101.jpg,7
meadows464.jpg,7
waters274.jpg,7
waters221.jpg,7
waters229.jpg,7
waters157.jpg,7
waters241.jpg,7
waters232.jpg,7
waters306.jpg,7
waters303.jpg,7
waters230.jpg,7
waters282.jpg,7
waters191.jpg,7
waters618.jpg,7
waters635.jpg,7
waters548.jpg,7
waters415.jpg,7
waters520.jpg,7
waters404.jpg,7
waters529.jpg,7
waters451.jpg,7
waters508.jpg,7
waters783.jpg,7
waters841.jpg,7
waters845.jpg,7
waters98.jpg,7
waters768.jpg,7
waters664.jpg,7
waters863.jpg,7
waters687.jpg,7
waters775.jpg,7
forest244.jpg,7
forest10.jpg,7
forest101.jpg,7
forest247.jpg,7
forest304.jpg,7
forest154.jpg,7
forest211.jpg,7
forest148.jpg,7
meadows265.jpg,7
meadows30.jpg,7
meadows325.jpg,7
meadows286.jpg,7
meadows165.jpg,7
meadows223.jpg,7
meadows153.jpg,7
meadows321.jpg,7
meadows272.jpg,7
meadows425.jpg,7
waters254.jpg,7
waters246.jpg,7
waters560.jpg,7
waters645.jpg,7
waters427.jpg,7
waters475.jpg,7
waters676.jpg,7
waters754.jpg,7
waters720.jpg,7
forest490.jpg,7
forest397.jpg,7
meadows15.jpg,7
waters346.jpg,7
waters489.jpg,7
waters550.jpg,7
meadows83.jpg,7
waters214.jpg,7
forest31.jpg,7
forest327.jpg,7
forest249.jpg,7
forest234.jpg,7
forest27.jpg,7
forest224.jpg,7
forest232.jpg,7
forest323.jpg,7
forest241.jpg,7
forest105.jpg,7
forest316.jpg,7
forest248.jpg,7
forest142.jpg,7
forest333.jpg,7
forest285.jpg,7
forest212.jpg,7
forest222.jpg,7
forest127.jpg,7
forest122.jpg,7
forest264.jpg,7
forest552.jpg,7
forest57.jpg,7
forest491.jpg,7
forest381.jpg,7
forest568.jpg,7
forest501.jpg,7
forest532.jpg,7
forest427.jpg,7
forest362.jpg,7
forest572.jpg,7
forest503.jpg,7
forest537.jpg,7
forest422.jpg,7
forest434.jpg,7
forest451.jpg,7
forest546.jpg,7
forest508.jpg,7
forest463.jpg,7
forest489.jpg,7
forest464.jpg,7
forest453.jpg,7
forest561.jpg,7
forest510.jpg,7
forest363.jpg,7
forest505.jpg,7
forest588.jpg,7
forest551.jpg,7
forest430.jpg,7
forest73.jpg,7
forest594.jpg,7
forest70.jpg,7
forest477.jpg,7
forest435.jpg,7
forest479.jpg,7
meadows150.jpg,7
meadows189.jpg,7
forest83.jpg,7
meadows283.jpg,7
meadows12.jpg,7
forest96.jpg,7
meadows167.jpg,7
meadows287.jpg,7
meadows305.jpg,7
meadows162.jpg,7
meadows29.jpg,7
meadows27.jpg,7
meadows121.jpg,7
meadows103.jpg,7
forest80.jpg,7
meadows166.jpg,7
meadows309.jpg,7
forest8.jpg,7
meadows16.jpg,7
meadows324.jpg,7
meadows241.jpg,7
meadows328.jpg,7
meadows356.jpg,7
meadows471.jpg,7
meadows368.jpg,7
meadows375.jpg,7
meadows409.jpg,7
meadows418.jpg,7
meadows41.jpg,7
meadows360.jpg,7
meadows438.jpg,7
meadows6.jpg,7
meadows93.jpg,7
meadows497.jpg,7
meadows490.jpg,7
meadows383.jpg,7
meadows351.jpg,7
meadows416.jpg,7
meadows378.jpg,7
meadows392.jpg,7
meadows5.jpg,7
meadows404.jpg,7
meadows470.jpg,7
meadows58.jpg,7
waters128.jpg,7
meadows488.jpg,7
waters132.jpg,7
meadows92.jpg,7
waters134.jpg,7
waters272.jpg,7
waters192.jpg,7
waters247.jpg,7
waters206.jpg,7
waters313.jpg,7
waters397.jpg,7
waters255.jpg,7
waters212.jpg,7
waters283.jpg,7
waters26.jpg,7
waters366.jpg,7
waters187.jpg,7
waters286.jpg,7
waters329.jpg,7
waters368.jpg,7
waters337.jpg,7
waters289.jpg,7
waters344.jpg,7
waters164.jpg,7
waters150.jpg,7
waters243.jpg,7
waters240.jpg,7
waters144.jpg,7
waters213.jpg,7
waters296.jpg,7
waters341.jpg,7
waters149.jpg,7
waters262.jpg,7
waters24.jpg,7
waters259.jpg,7
waters30.jpg,7
waters571.jpg,7
waters418.jpg,7
waters604.jpg,7
waters594.jpg,7
waters442.jpg,7
waters463.jpg,7
waters547.jpg,7
waters516.jpg,7
waters562.jpg,7
waters599.jpg,7
waters502.jpg,7
waters6.jpg,7
waters515.jpg,7
waters647.jpg,7
waters586.jpg,7
waters649.jpg,7
waters499.jpg,7
waters65.jpg,7
waters565.jpg,7
waters428.jpg,7
waters503.jpg,7
waters652.jpg,7
waters434.jpg,7
waters553.jpg,7
waters426.jpg,7
waters432.jpg,7
waters583.jpg,7
waters453.jpg,7
waters80.jpg,7
waters686.jpg,7
wates399.jpg,7
waters801.jpg,7
waters82.jpg,7
waters866.jpg,7
waters813.jpg,7
waters870.jpg,7
waters7.jpg,7
waters771.jpg,7
waters789.jpg,7
waters806.jpg,7
waters69.jpg,7
waters726.jpg,7
waters705.jpg,7
waters712.jpg,7
waters756.jpg,7
waters81.jpg,7
waters883.jpg,7
waters776.jpg,7
waters795.jpg,7
waters94.jpg,7
waters830.jpg,7
waters777.jpg,7
waters683.jpg,7
waters859.jpg,7
forest389.jpg,7
meadows317.jpg,7
forest482.jpg,7
forest534.jpg,7
forest519.jpg,7
meadows126.jpg,7
waters441.jpg,7
waters698.jpg,7
forest95.jpg,7
meadows68.jpg,7
meadows430.jpg,7
waters576.jpg,7
waters521.jpg,7
waters446.jpg,7
waters773.jpg,7
forest358.jpg,7
forest143.jpg,7
forest111.jpg,7
forest574.jpg,7
forest63.jpg,7
forest483.jpg,7
forest392.jpg,7
meadows125.jpg,7
meadows273.jpg,7
meadows186.jpg,7
meadows180.jpg,7
meadows433.jpg,7
waters321.jpg,7
waters279.jpg,7
waters47.jpg,7
waters423.jpg,7
waters632.jpg,7
waters886.jpg,7
forest200.jpg,7
forest108.jpg,7
forest205.jpg,7
forest123.jpg,7
forest159.jpg,7
forest348.jpg,7
forest386.jpg,7
forest499.jpg,7
forest449.jpg,7
forest413.jpg,7
forest509.jpg,7
forest559.jpg,7
forest54.jpg,7
forest69.jpg,7
forest564.jpg,7
forest410.jpg,7
meadows308.jpg,7
meadows22.jpg,7
meadows194.jpg,7
forest93.jpg,7
meadows182.jpg,7
meadows74.jpg,7
meadows457.jpg,7
meadows485.jpg,7
meadows384.jpg,7
meadows348.jpg,7
meadows393.jpg,7
waters20.jpg,7
waters217.jpg,7
waters143.jpg,7
waters381.jpg,7
waters518.jpg,7
waters585.jpg,7
waters514.jpg,7
waters551.jpg,7
waters555.jpg,7
waters436.jpg,7
waters563.jpg,7
waters735.jpg,7
waters856.jpg,7
waters668.jpg,7
waters899.jpg,7
waters675.jpg,7
meadows300.jpg,7
meadows51.jpg,7
meadows421.jpg,7
waters176.jpg,7
waters195.jpg,7
waters501.jpg,7
forest172.jpg,8
forest203.jpg,8
forest173.jpg,8
forest194.jpg,8
forest20.jpg,8
forest580.jpg,8
forest587.jpg,8
forest524.jpg,8
forest466.jpg,8
forest43.jpg,8
meadows115.jpg,8
meadows146.jpg,8
meadows240.jpg,8
meadows212.jpg,8
meadows262.jpg,8
meadows277.jpg,8
meadows332.jpg,8
meadows185.jpg,8
meadows107.jpg,8
forest88.jpg,8
meadows408.jpg,8
meadows413.jpg,8
meadows63.jpg,8
meadows476.jpg,8
waters142.jpg,8
waters108.jpg,8
waters245.jpg,8
waters25.jpg,8
waters372.jpg,8
waters339.jpg,8
waters379.jpg,8
waters39.jpg,8
waters210.jpg,8
waters390.jpg,8
waters38.jpg,8
waters223.jpg,8
waters315.jpg,8
waters398.jpg,8
waters64.jpg,8
waters650.jpg,8
waters505.jpg,8
waters437.jpg,8
waters613.jpg,8
waters654.jpg,8
waters600.jpg,8
waters509.jpg,8
waters55.jpg,8
waters492.jpg,8
waters56.jpg,8
waters498.jpg,8
waters410.jpg,8
waters462.jpg,8
waters677.jpg,8
waters73.jpg,8
waters753.jpg,8
waters663.jpg,8
waters684.jpg,8
waters865.jpg,8
waters761.jpg,8
waters744.jpg,8
waters861.jpg,8
waters732.jpg,8
waters666.jpg,8
waters900.jpg,8
waters729.jpg,8
waters871.jpg,8
waters816.jpg,8
forest562.jpg,8
meadows323.jpg,8
meadows398.jpg,8
meadows405.jpg,8
waters787.jpg,8
waters752.jpg,8
waters755.jpg,8
forest174.jpg,8
forest185.jpg,8
forest202.jpg,8
forest51.jpg,8
forest495.jpg,8
forest529.jpg,8
forest553.jpg,8
forest380.jpg,8
meadows311.jpg,8
meadows307.jpg,8
meadows202.jpg,8
meadows175.jpg,8
meadows297.jpg,8
waters114.jpg,8
meadows423.jpg,8
meadows401.jpg,8
waters334.jpg,8
waters177.jpg,8
waters271.jpg,8
waters365.jpg,8
waters591.jpg,8
waters606.jpg,8
waters627.jpg,8
waters581.jpg,8
waters469.jpg,8
waters519.jpg,8
waters765.jpg,8
waters704.jpg,8
waters857.jpg,8
waters695.jpg,8
waters799.jpg,8
waters898.jpg,8
forest138.jpg,8
forest120.jpg,8
forest75.jpg,8
forest39.jpg,8
forest542.jpg,8
forest521.jpg,8
forest586.jpg,8
forest533.jpg,8
meadows310.jpg,8
meadows248.jpg,8
meadows252.jpg,8
meadows225.jpg,8
meadows390.jpg,8
waters205.jpg,8
waters250.jpg,8
waters531.jpg,8
waters504.jpg,8
waters487.jpg,8
waters631.jpg,8
waters63.jpg,8
waters778.jpg,8
waters853.jpg,8
waters730.jpg,8
waters793.jpg,8
forest431.jpg,8
meadows269.jpg,8
meadows431.jpg,8
meadows88.jpg,8
waters350.jpg,8
waters430.jpg,8
forest245.jpg,8
waters590.jpg,8
forest168.jpg,8
forest164.jpg,8
forest334.jpg,8
forest220.jpg,8
forest214.jpg,8
forest196.jpg,8
forest167.jpg,8
forest102.jpg,8
forest16.jpg,8
forest345.jpg,8
forest512.jpg,8
forest554.jpg,8
forest433.jpg,8
forest365.jpg,8
forest46.jpg,8
forest579.jpg,8
forest447.jpg,8
forest405.jpg,8
forest421.jpg,8
forest481.jpg,8
forest484.jpg,8
forest575.jpg,8
forest454.jpg,8
forest369.jpg,8
forest545.jpg,8
forest598.jpg,8
forest89.jpg,8
meadows123.jpg,8
meadows289.jpg,8
meadows28.jpg,8
meadows102.jpg,8
meadows3.jpg,8
meadows168.jpg,8
forest98.jpg,8
meadows256.jpg,8
meadows260.jpg,8
meadows326.jpg,8
meadows261.jpg,8
meadows228.jpg,8
meadows10.jpg,8
meadows370.jpg,8
waters117.jpg,8
meadows482.jpg,8
meadows499.jpg,8
waters125.jpg,8
waters110.jpg,8
meadows86.jpg,8
meadows484.jpg,8
meadows374.jpg,8
meadows445.jpg,8
meadows442.jpg,8
meadows427.jpg,8
waters122.jpg,8
waters139.jpg,8
waters355.jpg,8
waters347.jpg,8
waters203.jpg,8
waters267.jpg,8
waters299.jpg,8
waters285.jpg,8
waters216.jpg,8
waters375.jpg,8
waters156.jpg,8
waters396.jpg,8
waters160.jpg,8
waters40.jpg,8
waters190.jpg,8
waters161.jpg,8
waters175.jpg,8
waters196.jpg,8
waters301.jpg,8
waters249.jpg,8
waters182.jpg,8
waters50.jpg,8
waters480.jpg,8
waters578.jpg,8
waters558.jpg,8
waters633.jpg,8
waters409.jpg,8
waters49.jpg,8
waters485.jpg,8
waters58.png,8
waters570.jpg,8
waters580.jpg,8
waters538.jpg,8
waters542.jpg,8
waters403.jpg,8
waters561.jpg,8
waters640.jpg,8
waters525.jpg,8
waters470.jpg,8
waters559.jpg,8
waters444.jpg,8
waters564.jpg,8
waters494.jpg,8
waters597.jpg,8
waters413.jpg,8
waters824.jpg,8
waters751.jpg,8
waters772.jpg,8
waters784.jpg,8
waters690.jpg,8
waters719.jpg,8
waters852.jpg,8
waters833.jpg,8
waters703.jpg,8
waters836.jpg,8
waters749.jpg,8
waters77.jpg,8
waters680.jph,8
waters693.jpg,8
forest242.jpg,8
forest94.jpg,8
meadows494.jpg,8
meadows367.jpg,8
waters331.jpg,8
waters359.jpg,8
waters592.jpg,8
waters807.jpg,8
waters875.jpg,8
waters788.jpg,8
waters843.jpg,8
forest265.jpg,8
forest402.jpg,8
forest79.jpg,8
meadows174.jpg,8
meadows365.jpg,8
waters348.jpg,8
waters401.jpg,8
waters448.jpg,8
waters639.jpg,8
waters536.jpg,8
waters445.jpg,8
waters743.jpg,8
waters867.jpg,8
waters688.jpg,8
waters709.jpg,8
forest193.jpg,8
forest544.jpg,8
waters295.jpg,8
waters552.jpg,8
waters818.jpg,8
forest160.jpg,9
forest221.jpg,9
forest207.jpg,9
forest513.jpg,9
forest41.jpg,9
forest407.jpg,9
forest47.jpg,9
forest472.jpg,9
forest448.jpg,9
meadows145.jpg,9
meadows133.jpg,9
meadows410.jpg,9
waters10.jpg,9
meadows403.jpg,9
meadows396.jpg,9
meadows55.jpg,9
waters208.jpg,9
waters197.jpg,9
waters364.jpg,9
waters399.jpg,9
waters333.jpg,9
waters648.jpg,9
waters624.jpg,9
waters456.jpg,9
waters59.jpg,9
waters405.jpg,9
waters425.jpg,9
waters611.jpg,9
waters540.jpg,9
waters812.jpg,9
waters707.jpg,9
waters849.jpg,9
waters692.jpg,9
waters731.jpg,9
waters89.jpg,9
waters800.jpg,9
waters757.jpg,9
waters722.jpg,9
waters746.jpg,9
forest60.jpg,9
meadows279.jpg,9
meadows57.jpg,9
waters113.jpg,9
waters619.jpg,9
forest500.jpg,9
forest443.jpg,9
forest396.jpg,9
forest428.jpg,9
meadows263.jpg,9
meadows380.jpg,9
meadows366.jpg,9
waters220.jpg,9
waters302.jpg,9
waters340.jpg,9
waters577.jpg,9
waters636.jpg,9
waters655.jpg,9
waters421.jpg,9
waters834.jpg,9
waters876.jpg,9
forest305.jpg,9
meadows101.jpg,9
meadows388.jpg,9
waters153.jpg,9
waters165.jpg,9
waters629.jpg,9
waters625.jpg,9
waters474.jpg,9
waters708.jpg,9
meadows402.jpg,9
waters847.jpg,9
waters873.jpg,9
forest25.jpg,9
waters273.jpg,9
forest26.jpg,9
forest225.jpg,9
forest145.jpg,9
forest169.jpg,9
forest236.jpg,9
forest476.jpg,9
forest558.jpg,9
forest523.jpg,9
forest471.jpg,9
forest67.jpg,9
meadows173.jpg,9
meadows90.jpg,9
waters116.jpg,9
waters32.jpg,9
waters215.jpg,9
waters218.jpg,9
waters170.jpg,9
waters248.jpg,9
waters608.jpg,9
waters622.jpg,9
waters646.jpg,9
waters573.jpg,9
waters603.jpg,9
waters500.jpg,9
waters616.jpg,9
waters702.jpg,9
waters714.jpg,9
waters840.jpg,9
waters696.jpg,9
waters792.jpg,9
waters842.jpg,9
waters129.jpg,9
waters234.jpg,9
meadows436.jpg,9
waters269.jpg,9
waters429.jpg,9
waters626.jpg,9
waters745.jpg,9
waters701.jpg,9
forest12.jpg,10
waters131.jpg,10
waters378.jpg,10
waters147.jpg,10
waters460.jpg,10
waters431.jpg,10
waters644.jpg,10
waters831.jpg,10
waters740.jpg,10
waters667.jpg,10
waters679.jpg,10
forest23.jpg,10
waters222.jpg,10
waters579.jpg,10
waters623.jpg,10
waters797.jpg,10
waters159.jpg,10
waters194.jpg,10
waters643.jpg,10
waters879.jpg,10
waters141.jpg,10
waters257.jpg,10
waters484.jpg,10
waters491.jpg,10
waters593.jpg,10
waters424.jpg,10
waters682.jpg,10
waters680.jpg,10
waters717.jpg,10
waters798.jpg,10
